{"nodes":{"node:0":{"location":{"x":-357,"y":75}},"node:10000":{"location":{"x":0,"y":0}},"node:100000":{"location":{"x":0,"y":0}},"node:110000":{"location":{"x":0,"y":0}},"node:120000":{"location":{"x":0,"y":0}},"node:130000":{"location":{"x":0,"y":0}},"node:140000":{"location":{"x":0,"y":0}},"node:20000":{"location":{"x":0,"y":0}},"node:30000":{"location":{"x":0,"y":0}},"node:40000":{"location":{"x":0,"y":0}},"node:50000":{"location":{"x":0,"y":0}},"node:60000":{"location":{"x":-401,"y":357}},"node:70000":{"location":{"x":0,"y":0}},"node:80000":{"location":{"x":0,"y":0}},"node:90000":{"location":{"x":0,"y":0}}},"selection":null,"view":{"scroll":{"x":1609.1910400390625,"y":-24.5787544250488281},"visible_rect":{"max":{"x":8000.76416015625,"y":637.68499755859375},"min":{"x":6436.76416015625,"y":-98.3150177001953125}},"zoom":0.25}}