{"nodes":{"node:0":{"location":{"x":-357,"y":75}},"node:30000":{"location":{"x":218,"y":91}},"node:60000":{"location":{"x":-401,"y":357}},"node:90000":{"location":{"x":-17,"y":229}}},"selection":["node:0"],"view":{"scroll":{"x":133.620635986328125,"y":14.2448005676269531},"visible_rect":{"max":{"x":806.160888671875,"y":604.32647705078125},"min":{"x":178.160873413085938,"y":18.9930706024169922}},"zoom":0.749999940395355225}}